id,EAD1,EAD2,EAD3,EAD4,EAD5,EAD6,EAD7,EAD8,EAD9,EAD10,EAD11,EAD12,EAD13,EAD14,EAD15,EAD16,EAD17,EAD18,EAD19,EAD20,EAD21,EAD22,EAD23,EAD24,EAD25,EAD26,EAD27,EAD28,EAD29,EAD30
1.0,0.5,0.5166666666666667,0.5333333333333334,0.5500000000000002,0.5666666666666669,0.5833333333333336,0.6000000000000003,0.616666666666667,0.6333333333333337,0.6500000000000005,0.6666666666666672,0.6833333333333339,0.7000000000000006,0.7166666666666673,0.7333333333333341,0.7500000000000008,0.7666666666666675,0.7833333333333342,0.8000000000000009,0.8166666666666677,0.8333333333333344,0.8500000000000011,0.8666666666666678,0.8833333333333345,0.9000000000000012,0.916666666666668,0.9333333333333347,0.9500000000000014,0.9666666666666681,0.9833333333333348
2.0,1.0,1.0166666666666666,1.0333333333333332,1.0499999999999998,1.0666666666666664,1.083333333333333,1.0999999999999996,1.1166666666666663,1.1333333333333329,1.1499999999999995,1.166666666666666,1.1833333333333327,1.1999999999999993,1.216666666666666,1.2333333333333325,1.2499999999999991,1.2666666666666657,1.2833333333333323,1.299999999999999,1.3166666666666655,1.3333333333333321,1.3499999999999988,1.3666666666666654,1.383333333333332,1.3999999999999986,1.4166666666666652,1.4333333333333318,1.4499999999999984,1.466666666666665,1.4833333333333316
3.0,0.5,0.55,0.6000000000000001,0.6500000000000001,0.7000000000000002,0.7500000000000002,0.8000000000000003,0.8500000000000003,0.9000000000000004,0.9500000000000004,1.0000000000000004,1.0500000000000005,1.1000000000000005,1.1500000000000006,1.2000000000000006,1.2500000000000007,1.3000000000000007,1.3500000000000008,1.4000000000000008,1.4500000000000008,1.5000000000000009,1.550000000000001,1.600000000000001,1.650000000000001,1.700000000000001,1.750000000000001,1.8000000000000012,1.8500000000000012,1.9000000000000012,1.9500000000000013
